"Post ID","Page ID","Page name",Title,"Duration (sec)","Publish time",Permalink,"Post type","Data comment",Date,Comments,Distribution,"Approximate earnings (USD)","Stars (USD)",Impressions,Interactions,"Net follows",Reactions,Saves,Shares,Viewers,Views,"Average Seconds viewed","Seconds viewed"
122124087807355495,61590664855715,"Universe impact","Planet Nine: The Hidden World That Might Be Real

A massive planet may be hiding at the edge of our solar system — 400+ AU from the Sun, five to ten times Earth's mass, detectable only by the orbital chaos it leaves behind in distant Kuiper Belt objects.

In 2016, Caltech astronomers Konstantin Batygin and Michael Brown published evidence that something invisible was tugging on icy bodies beyond Neptune. The clustering was real. The 90° tilted population they predicted was found. Then Ammonite — a newly discovered object with an orbit that doesn't fit — challenged everything.

Now the Vera Rubin Observatory has begun scanning the entire southern sky every few nights. By late 2027, we'll know if Planet Nine is real.

Full article: https://pagecore.me/posts/planet-nine

Timestamps:
0:00 — A 9th planet is hiding
0:07 — The 2016 Caltech hypothesis
0:39 — Ammonite changes everything
0:54 — Vera Rubin Observatory: the final test
1:11 — What happens next

Verified facts:
- Mass: 6.2 Earth masses (refined 2021)
- Distance: 380 AU semi-major axis
- Orbital period: ~10,000-20,000 years
- Ammonite (2023 KQ14): 4th sednoid, discovered by Subaru Telescope
- Vera Rubin LSST began June 29, 2026
- 70-80% detection probability (Scott Sheppard, Carnegie)

Sources:
- Batygin & Brown, The Astronomical Journal 151:22 (2016)
- Brown & Batygin, arXiv:2108.09868 (2021)
- Huang et al., Nature Astronomy (July 2025)
- Vera Rubin Observatory / NSF-DOE (June 2026)

#PlanetNine #VeraRubinObservatory #Ammonite #SpaceScience #SolarSystem #KuiperBelt #Astronomy #UniverseImpact",80,"08/05/2026 10:00",https://www.facebook.com/reel/1369850784473007/,Reel,,Lifetime,94,+14.6x,0,0,41003,2664,1145,2342,157,125,41450,48548,37.398,1523724.931
122124156585355495,61590664855715,"Universe impact","3I/ATLAS — The Interstellar Visitor That Couldn't Be Explained Away

Something older than our Sun just flew through our solar system — and for a few weeks in 2025, some of the world's top scientists couldn't rule out that it was artificial.

---

TIMESTAMPS

0:00 — Something just flew through our solar system
0:08 — Discovery: July 1, 2025, ATLAS survey in Chile
0:21 — Retrograde trajectory anomaly
0:37 — The artificial question: Avi Loeb & SETI
0:52 — JWST chemical fingerprint findings
1:19 — It's leaving — and will never return

---

WHAT IS 3I/ATLAS?

3I/ATLAS is the third confirmed interstellar object ever detected passing through our solar system, after 1I/'Oumuamua (2017) and 2I/Borisov (2019). It was discovered on July 1, 2025 by the ATLAS (Asteroid Terrestrial-impact Last Alert System) survey telescope in Chile.

Unlike the previous two interstellar visitors, 3I/ATLAS was studied in unprecedented detail — with Hubble, JWST, Gemini South, the Vera Rubin Observatory, and even ESA's ExoMars Trace Gas Orbiter observing it from 30 million kilometers away.

---

VERIFIED FACTS

• Discovered: July 1, 2025 by ATLAS survey, Chile
• Third interstellar object ever detected (after 1I/'Oumuamua and 2I/Borisov)
• Age: approximately 9–13 billion years old (older than our 4.6-billion-year-old Sun)
• Speed: ~58 km/s relative to the Sun
• Trajectory: retrograde, aligned within ~5 degrees of the ecliptic plane
  — Probability of random alignment: ~0.2% (1 in 500)
• Sunward jet observed: material flowing toward the Sun, not away from it
• Survived perihelion (closest approach to Sun): October 29, 2025
• Nucleus size: ~2.6 km diameter (measured by Hubble)
• Chemical composition (JWST): methane, carbon dioxide, water ice
• Deuterium ratio: unusually high — consistent with formation in the coldest, most isolated region of the galaxy
• Avi Loeb (Harvard) publicly raised the possibility it could be artificial
• SETI Institute: Allen Telescope Array observed it — no radio signals detected
• ESA Comet Interceptor mission planned to intercept future interstellar visitors

---

THE ANOMALIES THAT PUZZLED SCIENTISTS

1. RETROGRADE ORBIT — 3I/ATLAS orbits the Sun in the opposite direction to the planets. Its trajectory is aligned within 5 degrees of the ecliptic plane, a coincidence with less than 0.2% probability for a random interstellar object.

2. SUNWARD JET — Astronomers observed material flowing toward the Sun instead of away from it. While outgassing is common in comets, a sunward jet is unusual and initially puzzled researchers.

3. CHEMICAL FINGERPRINT — JWST detected methane, CO₂, and water ice in its coma. The deuterium-to-hydrogen ratio was unusually high, suggesting formation in an extremely cold, isolated environment — possibly around a red dwarf star billions of years ago.

4. ARTIFICIAL HYPOTHESIS — Harvard astrophysicist Avi Loeb noted that some characteristics were consistent with a potential artificial origin. While the scientific consensus favors a natural cometary explanation, the possibility was discussed seriously in the academic community.

---

OBSERVATORIES THAT STUDIED 3I/ATLAS

• ATLAS (Chile) — Discovery
• Hubble Space Telescope — Nucleus measurement, trajectory
• James Webb Space Telescope (JWST) — Chemical composition, spectroscopy
• Gemini South (GMOS instrument) — Tail growth timelapse
• Vera Rubin Observatory (LSST) — 100-exposure timelapse
• ESA ExoMars Trace Gas Orbiter — Observation from 30 million km
• Allen Telescope Array (SETI) — Radio signal search
• European Southern Observatory (VLT) — Timelapse of movement across star field

---

SOURCES

• NASA: ""Hubble Sees an Interstellar Visitor"" (2025)
• ESA: ""ExoMars Trace Gas Orbiter observes comet 3I/ATLAS"" (October 2025)
• NOIRLab: ""Gemini South Captures Growing Tail of Interstellar Comet 3I/ATLAS"" (2025)
• NOIRLab: ""Vera Rubin Observatory: 100 Exposures of 3I/ATLAS"" (2025)
• ESO: ""VLT Timelapse of 3I/ATLAS"" — Potw2527a (July 2025)
• ArXiv: ""The Trajectory and Composition of Interstellar Comet 3I/ATLAS"" (2025)
• Avi Loeb, Harvard-Smithsonian Center for Astrophysics — Public statements on artificial hypothesis
• SETI Institute — Allen Telescope Array observation report

---

CREDIT

Footage: ESA/Hubble, NASA, ESO, NOIRLab/NSF/AURA, Pixabay (CC0)
Music: Licensed for commercial use
Voice: AI-generated narration

---

FOLLOW UNIVERSE IMPACT

🔔 Subscribe for more deep-space discoveries
📱 Follow us for daily space content

#3IATLAS #InterstellarComet #Comet3I #ATLAS #JWST #Hubble #ESO #NOIRLab #Space #Astronomy #InterstellarObject #DeepSpace #SolarSystem #Comet #AviLoeb #SETI #universeimpact",90,"08/05/2026 16:21",https://www.facebook.com/reel/1023087267275832/,Reel,,Lifetime,0,+1x,0,0,4724,192,29,179,9,7,4672,5522,31.124,148807.063
122124441651355495,61590664855715,"Universe impact","Betelgeuse Isn't Alone — And It Just Rewrote the Countdown to the Next Naked-Eye Supernova

One of the brightest stars in your night sky has been hiding a secret for over 100 years. And in July 2026, astronomers finally caught it on camera.

---

TIMESTAMPS

0:00 — The hidden secret of Orion's shoulder star
0:12 — A century of suspicion, decades of unexplained dimming
0:24 — The 2019 ""Great Dimming"" scare
0:37 — December 2024: the observation nobody thought would work
0:57 — Betelgeuse B revealed — heavier than anyone predicted
1:15 — What this means for the coming supernova
1:32 — The final confirmation test: November 2027

---

WHAT IS BETELGEUSE?

Betelgeuse (Alpha Orionis) is a red supergiant star marking the left shoulder of the constellation Orion. It's one of the largest and most luminous stars visible to the naked eye — with a radius roughly 1,400 times that of our Sun. If placed at the center of our solar system, its surface would extend past the orbit of Jupiter.

At approximately 8 million years old, Betelgeuse is young by stellar standards but has already exhausted its hydrogen fuel. It is now in the final stages of its life cycle and is expected to explode as a Type II supernova within roughly the next 100,000 years.

---

VERIFIED FACTS

• Star type: Red supergiant (spectral type M1-2 Ia-Iab)
• Age: ~8 million years old
• Radius: ~1,400× the Sun's
• Luminosity: ~100,000× the Sun's
• Distance: ~650 light-years from Earth (in the Milky Way)
• Location: Constellation Orion, left shoulder
• Expected supernova: within ~100,000 years (not imminent on human timescale)
• When it explodes: visible in daylight from Earth, possibly brighter than the full Moon for weeks

THE COMPANION STAR (BETELGEUSE B / SIWARHA)

• Discovered: Direct images published July 28, 2026 (ESO news release eso2611)
• Images taken: December 2024 (ESO Very Large Telescope, SPHERE-ZIMPOL instrument)
• Lead researcher: Miguel Montargès, Observatoire de Paris
• Paper: Montargès et al., Astronomy & Astrophysics (2026), doi:10.1051/0004-6361/202661023
• Companion type: B-type main-sequence star
• Mass: 2–3 solar masses (heavier than the ~1 solar mass originally predicted)
• Orbital distance: ~8.8 AU from Betelgeuse (roughly the distance of Saturn from our Sun)
• The companion is moving through Betelgeuse's extended outer atmosphere, creating a wake of gas and dust
• This wake explains decades of unexplained brightness fluctuations, including the 2019–2020 ""Great Dimming""
• Final confirmation needed: November 2027, when the companion swings to the opposite side of its orbit

THE GREAT DIMMING (2019–2020)

• Beginning late 2019, Betelgeuse dimmed to roughly one-third of its normal brightness
• The dimming was the most dramatic in observed history
• Initial fears of an imminent supernova were widespread in media
• In January 2020, Hubble observations revealed a large surface mass ejection (SME) — Betelgeuse ejected a cloud of hot plasma that cooled and condensed into dust, blocking ~25% of the star's light
• The companion's gravitational influence may have triggered this ejection

---

OBSERVATORIES & INSTRUMENTS

• ESO Very Large Telescope (VLT) — SPHERE-ZIMPOL instrument (companion imaging)
• Hubble Space Telescope — Surface mass ejection observations (2020)
• ESO VLT — SPHERE instrument (surface imaging during Great Dimming)
• ALMA — Betelgeuse size comparison images
• AAVSO — Long-term light curve monitoring

---

SOURCES

• Montargès et al., ""Direct imaging of a stellar companion to Betelgeuse,"" Astronomy & Astrophysics (July 28, 2026)
• ESO News Release eso2611 (July 28, 2026)
• ESO News Release eso2109: ""Betelgeuse's Great Dimming Revealed"" (2021)
• NASA/Hubble: ""Hubble Captures Spectacular Image of Betelgeuse's Surface"" (2020)
• Andrea Dupree (CfA/Harvard) — Companion wake findings (CNN, January 2026)
• Sci.News: ""Astronomers Directly Image Betelgeuse's Long-Suspected Stellar Companion"" (August 2026)

---

CREDIT

Footage: ESO/M. Montargès et al., NASA, ESA/Hubble, Pixabay (CC0)
Music: Licensed for commercial use
Voice: AI-generated narration
Image Credit: ESO/M. Montargès et al. (CC BY 4.0)

---

FOLLOW UNIVERSE IMPACT

🔔 Subscribe for more breaking space discoveries
📱 Follow us for daily content

#Betelgeuse #Supernova #Orion #ESO #VLT #Astronomy #Space #RedSupergiant #BetelgeuseB #Siwarha #GreatDimming #MiguelMontarges #UniverseImpact #Stars #cosmology",89,"08/07/2026 01:23",https://www.facebook.com/reel/1723859075522577/,Reel,,Lifetime,15,+4.6x,0,0,18329,712,166,632,42,35,17996,21037,32.126,580499.926
122124589263355495,61590664855715,"Universe impact","A SpaceX rocket just crashed into the Moon 🌙💥

On August 5, 2026, a 4-ton Falcon 9 upper stage hit the lunar surface at 2,400 km/h near Einstein Crater — and nobody on Earth saw it happen.

It was an accident. The empty rocket stage had been drifting in space for 18 months after carrying Firefly's Blue Ghost and Japan's Hakuto-R landers to the Moon. Astronomers flagged its path using public tracking data, NASA confirmed 100% impact — but by then it was too late.

The impact was roughly 3 tonnes of TNT, carving an 18-metre crater and throwing a dust plume tens of kilometres high. Chile's Very Large Telescope caught sodium and lithium gas in the aftermath, and Korea's Danuri orbiter documented the site before and after.

This is only the second accidental rocket impact in history. And as Artemis prepares to build on the Moon — space debris just found a new target. How many more are out there?

📸 NASA · KASA-Danuri · ESO/VLT
🔭 Follow Universe Impact for more.",98,"08/07/2026 16:27",https://www.facebook.com/reel/4608830989398436/,Reel,,Lifetime,3,+1.3x,0,0,9089,321,95,307,9,9,9080,10648,30.893,277457.467
122124705477355495,61590664855715,"Universe impact","4,000 miles beneath your feet sits a solid ball of iron the size of the Moon, hotter than the surface of the Sun. In 2009, it seemed to stop. In 2024, scientists confirmed it's now spinning in reverse — and in 2025, they discovered it's literally changing shape.

In this video:
🪨 How the inner core was discovered with earthquake ""X-rays""
🌡️ The crushing heat and 3.6 million atm of pressure inside
🔄 The rotation reversal timeline (2009 → 2024 → 2025)
🌀 The hidden 5th layer: the innermost inner core
🌍 A world within a world — and what it means for Earth

This is the strange heart of our planet, and it's doing things scientists never predicted.

Sources: Nature (2024), Nature Geoscience (2025), Nature Communications (2023)

Tags:
inner core, earth core, earth core stopped spinning, inner core spinning reverse, seismic waves, innermost inner core, earth science, nature, usc study, 2025 discovery, planet earth, science explained, universe impact

Hashtags:
#InnerCore #EarthScience #ScienceNews #Geology #Space #universeimpact",110,"08/08/2026 06:49",https://www.facebook.com/reel/987057461049130/,Reel,,Lifetime,5,-0.3x,0,0,4239,118,30,105,6,6,4211,4607,29.376,122618.429
122124761421355495,61590664855715,"Universe impact","There's a giant object buried beneath the Moon's far side. It's 5 times bigger than the Big Island of Hawaii, hidden 200 kilometers underground. And NASA still can't fully explain it.

In this video:
🌕 How NASA's GRAIL mission mapped the Moon's gravity with two spacecraft
🪨 The South Pole–Aitken basin — the largest crater in the solar system
☄️ The 4-billion-year-old asteroid impact theory
🔴 The mystery: why hasn't this massive object sunk into the core?
🌑 NASA's Artemis missions heading to the south pole to find out

Using real NASA visualization data from GRAIL and the Lunar Reconnaissance Orbiter, this is the strange heart of the Moon — and the mission that's going to uncover what's hiding underneath.

Timestamps:
0:00 The buried anomaly
0:11 GRAIL's gravity mapping mission
0:27 The South Pole–Aitken basin
0:44 The asteroid impact theory
1:00 Why hasn't it sunk?
1:15 Artemis and the future

Sources: NASA GRAIL mission, NASA SVS, LRO data (Geophysical Research Letters)

Hashtags:
#Moon #NASA #Artemis #Space #Science #Astronomy #LunarMystery #SpaceDocumentary #NASAFootage

Tags:
moon anomaly, buried mass moon, GRAIL mission, south pole aitken basin, moon gravity anomaly, lunar science, NASA Artemis, largest crater, space mystery, moon documentary",90,"08/08/2026 12:00",https://www.facebook.com/reel/3629870527214857/,Reel,,Lifetime,131,+33.2x,0,0,120841,5851,2451,5330,276,234,117281,137512,39.187,4672234.067
122125186473355495,61590664855715,"Universe impact","SEVEN STARS ARE DOING SOMETHING THEY SHOULDN'T BE DOING ⚠️

In 2024, Project Hephaistos scanned 5 million stars and found seven that glow in infrared — far more than physics says they should. Dust? Debris disks? Background galaxies? All ruled out.

Then the James Webb Space Telescope pointed straight at the two most promising candidates.

Are these real Dyson spheres — megastructures built by an advanced civilization to capture a star's entire energy output? Or is nature hiding a phenomenon we don't understand yet?

The default answer is always nature first. But in 2026, one new study just mapped exactly where a real Dyson sphere would sit… and it points at stars like these.

Watch till the end. 👇

---

🔔 Follow this page — I uncover space mysteries like this every week.
💬 What do you think: intelligence, or nature? Comment below.
📌 Save this if you're a space nerd.

---

#DysonSphere #JamesWebb #JWST #Astronomy #Space #NASA #SpaceMystery #Science #Universe #Astrophysics #Megastructure #AstronomyLovers #SpaceExploration #ViralScience",93,"08/10/2026 13:25",https://www.facebook.com/reel/1744239360244061/,Reel,,Lifetime,2,-0.7x,0,0,5571,179,33,169,7,7,5540,6024,20.907,114424.628
122125205481355495,61590664855715,"Universe impact","TWO PHOTOS. TWENTY-THREE YEARS APART. AND SOMETHING MOVED. 🪐🔭

In 1983, an infrared satellite named IRAS photographed the sky. In 2006, AKARI photographed it again. Inside both images — the same faint glow. And it had SHIFTED.

This could be the closest we've ever come to a hidden planet.

The hunt started inside 2,000,000 infrared sources. Moving objects were subtracted out, one by one. Down to 13 pairs. Down to ONE. A single dot of heat, 500–700 times farther from the Sun than Earth.

If it's real, it's enormous — possibly heavier than Neptune. Glowing not from sunlight, but from its own internal heat.

Then came the twist. Mike Brown — the Caltech astronomer who predicted Planet Nine — says its orbit is nearly PERPENDICULAR to the solar system. Moving BACKWARD. His verdict: ""One hundred percent NOT Planet Nine."" If it's real — Planet Nine is wrong.

Meanwhile, the clustering that once proved Planet Nine is fading as new objects are added. And one giant — 2017 OF201 — refuses the pattern entirely.

Now the most powerful camera ever built is watching. Vera Rubin. In 10 years it will catalog 37,000 new worlds — 10x everything we've found beyond Neptune. It will either SEE the answer — or close the case for good.

One dot. Two surveys. A secret the solar system has kept for 4.5 billion years.

👇 What do you think is out there — a NEW WORLD, or NOTHING AT ALL?

━━━━━━━━━━━━━━━━━━━━━━
🔔 Follow Universe Impact — we'll report it the moment the data drops.
📌 Save this for when the answer arrives.
━━━━━━━━━━━━━━━━━━━━━━

Sources:
- Phan & Goto, PASA (2025) — IRAS/AKARI Planet Nine candidate search
- Mike Brown (CALTECH) — candidate orbit analysis, ""100% not Planet Nine""
- Siraj et al., ApJ (2026) — declining apsidal clustering (2.7σ→1.9σ)
- Cheng et al., ApJL (2026) — 2017 OF201, 830 AU orbit
- Vera C. Rubin Observatory / LSST — 37,000 TNO projection

#PlanetNine #VeraRubin #PlanetEightHalf #SpaceMystery #Astronomy #IRAS #AKARI #KuiperBelt #SolarSystem #Science #Astrophysics #SpaceDiscovery #HiddenPlanet #UniverseImpact #Caltech #RetrogradeOrbit",113,"08/10/2026 16:05",https://www.facebook.com/reel/1561163552083980/,Reel,,Lifetime,3,+0.4x,0,0,5578,147,28,139,5,3,5429,5999,31.924,174464.912
122125344453355495,61590664855715,"Universe impact","Mars was supposed to be dead. A frozen desert. A cold, empty planet.

Then NASA's InSight lander listened to the ground — and recorded over
1,300 marsquakes from a single station on a world with no tectonic
plates. The shaking wasn't the surface. It was something deeper.

Shockwave data revealed a reservoir of liquid water buried roughly
10–20 km beneath the Martian crust. Not a few puddles — enough to
cover the whole planet in a two-kilometre ocean. And InSight's
measurements of the interior show the core is still molten, still
churning. Mars is not a corpse. It has a warm engine running
underneath everything we see.

Three and a half billion years ago this world had rivers, lakes, and
a northern ocean. The surface died. But below, the water may still
be there — shielded, warm, waiting.

Perseverance is caching samples for Earth right now. The first
pieces of Mars are coming home.

So… what do you think is under the ice?
👉 Comment your theory below.

─────────────────
SOURCES (public domain, no attribution required):
• InSight mission imagery & seismic data — NASA/JPL-Caltech
• Buried water reservoir research — Wright et al., PNAS 2024
• Mars core structure findings — NASA InSight, 2023
• All visuals: NASA Image & Video Library / NASA Scientific
  Visualization Studio (svs.gsfc.nasa.gov), public domain
• BGM: licensed free-use stock

#Mars #NASA #Space #InSight #Perseverance #MarsQuake #HiddenOcean
#ScienceFacts #astronomy #universeimpact",110,"08/11/2026 04:12",https://www.facebook.com/reel/1545086040080967/,Reel,,Lifetime,4,+1.6x,0,0,8742,497,86,465,23,22,8701,9884,33.447,294607.277
122125422945355495,61590664855715,"Universe impact","Pluto was supposed to be dead. A frozen rock at the edge of the solar
system. The textbooks said so.

Then NASA looked at its heart — and found liquid, still flowing.

Sputnik Planitia is a nitrogen glacier bigger than Texas and Oklahoma
combined. In those New Horizons images, scientists found dark lanes
carved across the ice — almost exactly like Earth glaciers that have
been wetted by liquid from below.

And on Pluto, it can't be rain. It's far too cold.

The only answer: the liquid is coming from inside. Pluto's internal
heat slowly warms the nitrogen ice, warm ice rises and sinks again —
a giant cosmic lava lamp, churning for billions of years. Those
churning cells are less than a million years old. Geologically,
that's yesterday. Pluto isn't a static relic. Its surface is being
renewed, right now.

And if liquid nitrogen is still rising today, Pluto's interior is
warmer than we thought. A warm interior — on a world with a hidden
ocean below the ice — changes what we think is possible.

So… is Pluto dead, or is it waking up?
👉 Comment your theory below.

─────────────────
SOURCES (NASA public domain, no attribution required):
• All visuals: NASA Scientific Visualization Studio
  (svs.gsfc.nasa.gov) — SVS 12080, 30612, 30806, 11952
• New Horizons imagery & research — NASA/JHUAPL/SwRI
• Research: recent-flow findings, The Planetary Science Journal 2026
• BGM: licensed free-use stock

#Pluto #NASA #NewHorizons #Space #DwarfPlanet #LiquidNitrogen
#ScienceFacts #Astronomy #SputnikPlanitia #universeimpact",109,"08/11/2026 12:12",https://www.facebook.com/reel/2424255508111578/,Reel,,Lifetime,2,+0.8x,0,0,6015,283,49,269,6,9,5951,6432,30.114,174842.685
122125664085355495,61590664855715,"Universe impact","THE SUN HAS HIDDEN WHIRLPOOLS

The sun has been hiding whirlpools smaller than a city — for the first time ever, we just saw them. And they could crack the oldest mystery in solar physics: why the corona is a million degrees when the surface is only five and a half thousand.

Using the Daniel K. Inouye Solar Telescope (4-m DKIST) in Hawaii, astronomers caught dozens of vortex-like structures churning through the solar surface — the first observational confirmation of Kelvin-Helmholtz instabilities in the photosphere.

🌀 47 vortex-bearing interfaces in a single frame
🌀 Vortices 25–170 km wide, some doubling in size in under a minute
🌀 Racing across the surface at up to 3 km/s
🌀 Plasma swirling and twisting the sun's magnetic fields

That twisted magnetic energy can snap — producing solar flares and coronal mass ejections that threaten power grids, satellites, and GPS. And it may be feeding the corona its missing million degrees.

Are these whirlpools the engine behind the sun's greatest mystery? Or is something even stranger hiding underneath? Comment your theory below.

─────────
SOURCES & CREDITS
─────────
🔭 NSO/DKIST photosphere imagery & telescope photo — NSF/NSO/AURA/MPS
🧲 MuRAM numerical simulations — NSF/NSO/AURA/HAO
☀️ Corona timelapse — NASA/SDO (public domain)
🎵 Music — licensed royalty-free

Paper: ""Ubiquitous Kelvin–Helmholtz Instabilities Driving Plasma Mixing on the Sun"", Nature 2026
More: NSF National Solar Observatory — nso.edu / an effort of NSF

#Sun #SolarPhysics #Whirlpools #KelvinHelmholtz #DKIST #NSO #Astronomy #Space #Corona #Sunstorms #Science #universeimpact",94,"08/12/2026 15:16",https://www.facebook.com/reel/2958651524486605/,Reel,,Lifetime,0,-1.4x,0,0,4439,71,8,64,4,5,4264,4705,13.579,59001.923
122125848027355495,61590664855715,"Universe impact","EARTH HAS A SECOND MOON 🌍🌙

Earth has a second moon. Smaller than a football field — spinning once every 28 minutes. And right now, a spacecraft is moving in to touch it.

It's called Kamo'oalewa — a quasi-moon that has followed our planet for centuries, looping ahead of us then trailing behind. For years, scientists couldn't agree on what it was. Then 2026 changed everything.

🔭 2016: Discovered by Pan-STARRS, Hawaii — one of only 7 known quasi-moons
🌑 2021: Its reddish surface looked exactly like lunar rock — a piece of the Moon?
🔭 2026: JWST rewrote it — the spectrum does NOT match lunar soil. It looks like a rare E-type asteroid.

Two origin stories are locked in battle:
1️⃣ A chunk of the Moon blasted off by the impact that carved the young Giordano Bruno crater on the far side
2️⃣ A refugee from the asteroid belt, weathered by billions of years in space

🚀 China's Tianwen-2 flew a billion kilometers to find out. It reached Kamo'oalewa in July 2026 — and it's orbiting it right now. Next year it grabs a sample and brings it home.

If the rock matches the Moon — the Moon threw it at us.
If not — we're holding something older than Earth.

The answer lands in November 2027.

So… is it a lost piece of the Moon, or an asteroid older than our planet? Comment your theory below ⬇️

─────────
SOURCES & CREDITS
─────────
🌍 Earth imagery — NASA (Blue Marble) · public domain
🌙 Moon far side — NASA · public domain
☄️ Asteroid close-ups — NASA OSIRIS-REx/Bennu · public domain
🚀 Mission facts — CNSA Tianwen-2 via SpaceNews / Sky & Telescope / Scientific American (2026)
🎵 Music — licensed royalty-free

Science refs: arXiv:2606.24017 (JWST NIRSpec, Feb 2026) · Nature Communications 2026 (LL-chondrite origin) · Astronomy & Astrophysics 2026 (Fenucci et al.)

#SecondMoon #Kamoʻoalewa #QuasiMoon #Tianwen2 #JWST #SpaceX #NASA #Asteroid #SpaceNews #MoonMystery  #UniverseImpact #astronomy #solarsystem  #chinaspace",91,"08/13/2026 09:06",https://www.facebook.com/reel/1051999797816991/,Reel,,Lifetime,1,-1.7x,0,0,3388,97,16,88,6,3,3443,4068,22.362,82651.883
122125886937355495,61590664855715,"Universe impact","Yesterday, the Moon swallowed the Sun. ☀️🌑

In the middle of the day, a perfect black disk slid across the sky and blotted out our star — for two minutes, a billion people stood under the shadow of the Moon.

Here's what breaks your brain: the Sun is 400 times bigger than the Moon. But it's also 400 times farther away. So from Earth, they appear EXACTLY the same size — the only coincidence like this anywhere in the solar system.

When the Moon lined up perfectly, it fit the Sun like a lid. The corona blazed around it. Temperatures dropped. Birds fell silent. Then came the diamond ring — and daylight returned.

15 million people in Spain, plus millions in Iceland and Greenland, saw day turn to night. 🌍

The next total eclipse is Aug 2, 2027 — and it lasts over 6 minutes. This one was just a warm-up.

Comment below: did you see it? 👇

#solareclipse #eclipse2026 #totaleclipse #space #astronomy #universe #sun #moon #science #mindblown #viralreelschallenge",72,"08/13/2026 12:38",https://www.facebook.com/reel/2037999633589180/,Reel,,Lifetime,0,-6x,0,0,1124,21,1,18,2,1,1095,1186,11.142,12357.167
122126134173355495,61590664855715,"Universe impact","> There's a dog buried on Mars. And it's one of twenty impossible objects hiding under the planet.
>
> Scientists mapped Mars' gravity and found mass that should not be there: 20 dense structures under the northern plains, hundreds of kg/m³ denser than everything around them. No craters. No volcanoes. Nothing on the surface explains them.
>
> One is shaped exactly like a dog.
>
> They could be the crushed seabed of an ancient ocean. Or volcanic plumbing from a planet still alive inside.
>
> What do you think is buried under Mars? 👇
>
> 00:00 A dog buried on Mars
> 00:04 One is shaped exactly like a dog
> 00:09 The 20 impossible objects
> 00:19 How it was discovered
> 00:28 What they could be
> 00:41 Comment your theory
>
> #mars #astronomy #space #nasa #science #hidden #discovery #shorts",53,"08/14/2026 13:31",https://www.facebook.com/reel/2023391824982931/,Reel,,Lifetime,0,-0.4x,0,0,1709,25,1,24,2,0,1677,1833,12.725,21379.404
122126153787355495,61590664855715,"Universe impact","1,600 miles beneath our feet lies one of Earth’s greatest secrets: a giant structure 100× taller than Mount Everest.

Geologists call it an LLSVP—a massive, continent-sized ""blob"" sitting right on top of Earth's core. But while its Pacific twin stays grounded, the African blob is strangely light, unstable, and slowly churning upward.

New simulations from Arizona State University suggest this deep mantle monster is reshaping the continent above—pushing up East Africa and altering Earth's gravity field.

Is it the buried graveyard of ancient ocean floors? Or leftover pieces of Theia—the ancient planet that hit Earth 4.5 billion years ago?

Drop your theory in the comments! 👇

00:00 - Deep underground anomaly
00:08 - The Pacific vs. African blobs
00:21 - Why the African structure is unique
00:35 - How it affects the surface today
00:48 - The planet-collision theory
01:00 - Comment your thoughts

#earthscience #geology #mystery #discovery #theia #space #science #shorts",74,"08/14/2026 15:17",https://www.facebook.com/reel/1587471263093794/,Reel,,Lifetime,1,-1.4x,0,0,5343,87,15,78,7,4,5152,5790,23.518,123002.83
122126280531355495,61590664855715,"Universe impact","Astronomers just found the first of a brand-new kind of object. Published this week in Nature, a black hole roughly 100,000 times the mass of the Sun is wrapped in a dense cocoon of gas the size of our solar system. It shines like a star — but it is powered by a black hole, not fusion. A hundred billion times brighter than any star that ever burned, it explains the mysterious ""little red dots"" that have puzzled scientists for years — and it may show how every giant black hole in the universe, including the one at the center of our Milky Way, was born.

This is the story of the most surprising discovery of the week.

## Chapters
- 00:00 NASA found an object that shouldn't exist
- 00:08 Little red dots — the mystery
- 00:19 The deepest Balmer break ever seen
- 00:30 A black hole star
- 00:44 Star vs black hole star
- 00:58 The seed of every giant black hole
- 01:12 Follow Universe Impact

## Hashtags
#blackholestar #jameswebb #jwst #astronomy #space #nasa #nature #astrophysics #cosmicdawn #blackhole #reddots #universe",80,"08/15/2026 06:26",https://www.facebook.com/reel/1096224836071989/,Reel,,Lifetime,12,+3.6x,0,0,17651,697,198,621,46,38,16736,19942,29.432,509009.193
122126379693355495,61590664855715,"Universe impact","Astronomers just released the biggest map of the universe ever made. Four billion
objects across three-quarters of the entire sky. Five point six trillion pixels.
Thirteen years of data, 263,000 telescope exposures, stitched into a single image.
And the map is completely free — you can open it right now and zoom into your own
patch of the sky, deeper than any human before you.

But buried inside it is a clue that could rewrite everything we think we know about
the universe. For years, astronomers believed dark energy was a constant — a fixed
force pushing the universe apart forever. DESI's early results suggest it's not.
The force that rules the cosmos may be weakening over time. If that's real, it
breaks the standard model of cosmology. And the fate of every star, every galaxy,
every possible future, depends on what dark energy does next.

Is dark energy fading? Growing? Or could it one day pull the universe back
together? Science doesn't have the answer yet — but for the first time, we have
the map to find out.

Explore the map yourself: viewer.legacysurvey.org

## Chapters
- 00:00 The impossible map
- 00:17 13 years · 263,000 exposures
- 00:37 The cosmic web
- 00:53 The dark energy clue
- 01:12 The standard model
- 01:28 The open question
- 01:46 Follow Universe Impact

## Hashtags
#darkenergy #desi #cosmology #universe #astronomy #space #science #jwst #cosmicweb #biggestmap #milkyway #UniverseMap",93,"08/15/2026 15:24",https://www.facebook.com/reel/920565677194775/,Reel,,Lifetime,10,+1.4x,0,0,6264,251,38,240,20,9,6041,6604,23.403,141823.864
122126504943355495,61590664855715,"Universe impact","Millions of people genuinely believed Earth would lose gravity for 7 seconds on August 12, 2026.

The hoax — ""Project Anchor"" — claimed NASA had a secret $89 billion program and that up to 40 million people could die when gravity switched off and slammed back on. It spread across TikTok, Instagram, Facebook, Reddit, and X for months. Real outlets covered it. NASA issued a statement.

Here's what was actually real:
- A total solar eclipse WAS visible across parts of Europe on that date ✅
- Gravity does NOT come from the sky — it comes from Earth's own mass ✅
- An eclipse does not touch gravity — the Sun and Moon create tides, measured for centuries ✅
- Nothing happened on August 12, because nothing could happen ✅

The real story is media literacy: a specific date, a scary number, and a fake secret document convinced millions.

## Hashtags
#gravity #eclipse #science #astronomy #conspiracy #deabunked #mediaLiteracy #nasa #spacefacts #projectanchor #solareclipse #mythbusting #sciencefacts #stem #learnontiktok",82,"08/16/2026 05:20",https://www.facebook.com/reel/1106333802059911/,Reel,,Lifetime,4,-4.6x,0,0,474,22,3,18,1,0,726,840,23.257,17070.665
122126718009355495,61590664855715,"Universe impact","Astronomers watched a black hole tear a star apart with more energy than any explosion ever recorded. Then — months later — something in the wreckage was still moving.

This is AT2024wpp, nicknamed ""the Whippet"": a star roughly 400 billion times brighter than the Sun at peak, destroyed in a tidal disruption event. The shockwave raced outward at one-fifth the speed of light.

But months after the star should have been completely gone, telescopes caught fast-moving helium in the wreckage — something survived the black hole.

- What a tidal disruption event actually looks like
- Why ""the Whippet"" outshone entire galaxies
- How a star can survive being shredded
- What the fast helium means

What do YOU think survived inside that wreckage? Drop your theory in the comments, and follow @universe.impact for the next discovery.

## Hashtags
#blackhole #tidaldisruption #space #astronomy #thewhippet #nasa #universe #science #spacenews #mindblowing #universeimpact

## Chapters
- 00:00 The Event
- 00:07 400 Billion Times the Sun
- 00:15 The Whippet
- 00:22 Shredded Into a Disk
- 00:30 The Shockwave
- 00:40 A Tidal Disruption Event
- 00:50 Fast Helium: The Mystery
- 01:00 Did Something Survive?
- 01:08 Pulling Back Through Debris
- 01:18 The Question + Follow

## Pinned Comment
What do you think survived inside that wreckage? Drop your theory below. 🚀",84,"08/17/2026 03:50",https://www.facebook.com/reel/1038434085638780/,Reel,,Lifetime,5,-0.9x,0,0,2800,78,18,72,1,2,2791,3083,25.351,70501.925
122126793261355495,61590664855715,"Universe impact","The Moon has been hiding water for billions of years — and we just figured out how to listen for it without drilling a single hole.

New research shows moonquakes can map water ice buried up to 800 meters beneath the lunar south pole. Ice-rich soil carries seismic waves 2–3x faster than dry rock, so a single moonquake reveals exactly where the ice is hiding.

This matters more than ever: NASA's Artemis program lands astronauts near the south pole in 2028, and China's Chang'e-7 is launching as early as this month — carrying a seismometer straight to Shackleton Crater, the exact spot the model says the ice should be.

- How seismometers turn moonquakes into an ice map
- Why buried ice is the key to Artemis survival
- The Chang'e-7 mission racing to confirm it
- The wild twist: this ice may explain Earth's own oceans

What do you think we'll find under the south pole? Drop your theory in the comments, and follow @universe.impact for the next discovery.

## Hashtags
#moon #moonquakes #lunarice #artemis #nasa #chang7 #space #science #astronomy #universeimpact",90,"08/17/2026 10:33",https://www.facebook.com/reel/1753738042321401/,Reel,,Lifetime,0,-16.8x,0,0,569,14,1,15,1,0,543,566,9.05,4959.447
122126806959355495,61590664855715,"Universe impact","Venus was supposed to be dead inside — but new data says it's still tearing itself apart.

New high-resolution 3D simulations from ETH Zurich reveal Venus's largest rift valleys are geologically young. Dali, Ganis, and Devana Chasma may still be widening at 3–10 cm a year. One rift system stretches nearly 10,000 km with walls up to 4.8 km high — dwarfing Earth's Grand Canyon.

Heat flow near Dali Chasma reaches ~180 mW/m². Magellan radar from the 1990s captured a volcanic vent near Maat Mons that visibly changed in just 8 months. ESA's EnVision orbiter will test the model directly.

Is Venus alive right now? Comment below.

## Hashtags
#Venus #Space #Astronomy #NASA #ESA #EnVision #Geology #Planets #Science #UniverseImpact",91,"08/17/2026 11:59",https://www.facebook.com/reel/2847653835600720/,Reel,,Lifetime,0,-1.7x,0,0,3116,48,8,49,2,0,3085,3247,18.06,55176.288
122126807433355495,61590664855715,"Universe impact","Europa might be hiding alien life in its ocean. We just found out reaching it may be nearly impossible.

Beneath Europa's frozen shell hides a global ocean of salty liquid water, kept liquid by Jupiter's tidal squeeze. Scientists hoped shallow water pockets near the surface were a shortcut — direct windows into the deep ocean. The idea: dikes, narrow fractures in the ice, acting like straws from the deep ocean to the surface.

New simulations from Rutgers show the ice shell is a far stronger barrier than assumed. Liquid from the deep rarely, if ever, reaches those shallow reservoirs — and if shallow pools exist, they're likely cut off from the ocean itself. The easy path to testing for habitability may not exist.

NASA's Europa Clipper is in flight with 49 planned close flybys starting ~2030, and ESA's JUICE arrives at Jupiter in July 2031. Together, they'll be the real test of what's actually down there.

Will we ever sample Europa's ocean? Comment below.

#Europa #Jupiter #Space #NASA #ESA #EuropaClipper #JUICE #Astrobiology #OceanWorlds #universeimpact",90,"08/17/2026 14:01",https://www.facebook.com/reel/1579067490556346/,Reel,,Lifetime,0,-3x,0,0,1820,37,1,39,0,0,1760,1893,16.383,29014.63
122126839437355495,61590664855715,"Universe impact","Saturn's moon Mimas looks frozen and dead — the Death Star of our solar system. But hidden 20 to 30 kilometers beneath its cratered crust is a liquid ocean younger than the Himalayas.

For years, scientists assumed Mimas was a solid block of ice. Then researchers re-analyzed NASA Cassini data and found a subtle wobble in its orbit that only a liquid ocean could explain. The surface told everyone to expect nothing — ancient craters everywhere, including the massive Herschel Crater. But the wobble changed everything: the only way to match Cassini's measurements is a global ocean, hidden 20 to 30 kilometers beneath the ice.

And here's the mind-blowing part: this ocean shouldn't exist. Mimas is barely 400 kilometers wide, and it lacks the cracked surface of ocean worlds like Enceladus. Yet thermal models show this ocean is less than 25 million years old. Earth's oceans are billions of years old. Mimas's ocean is practically brand new.

The cause? Tidal forces from Saturn, squeezing Mimas from within — heating its core and keeping that ocean liquid. A fresh, evolving ocean like this is a prime place to study prebiotic chemistry — the chemistry that comes before life.

If a dead-looking moon can hide a brand-new ocean, how many other frozen worlds are hiding secrets? Could Mimas's ocean ever hold life? Comment below.

## Hashtags
#Mimas #Saturn #Space #NASA #Cassini #OceanWorlds #Astrobiology #HiddenOcean #universeimpact",97,"08/17/2026 16:09",https://www.facebook.com/reel/1279687041888868/,Reel,,Lifetime,5,-0.4x,0,0,4245,173,25,163,7,3,4146,4499,25.414,104962.728
122127420549355495,61590664855715,"Universe impact","Something enormous may be hiding inside Earth — 2,900 km below your feet.

Two continent-sized structures sit at the core-mantle boundary. Seismologists can see them with seismic waves. And their origin story may be written in the Moon: 4.5 billion years ago, a world called Theia may have collided with Earth — and some of it may still be here.

Are these buried masses pieces of Theia? Or something else? Science doesn't know yet — and that's exactly what makes it exciting.

Watch the full story → and follow for more space mysteries. 🚀🌍

Sources: NASA · Yuan et al., Nature 2023 (CALTECH)

#Theia #MoonFormation #EarthScience #SpaceMysteries #GiantImpact #ScienceExplained #Geology #Astrophysics #NASA #Earth #SpaceExploration",65,"08/19/2026 14:49",https://www.facebook.com/reel/1029790516356056/,Reel,,Lifetime,0,-3.9x,0,0,1528,13,3,12,1,0,1438,1596,14.29,21321.832
122127757371355495,61590664855715,"Universe impact","There's a structure the size of a small continent buried under two miles of Antarctic ice — and it's shaped like an open hand.

Scientists combined decades of radar, gravity, magnetic and seismic data to rebuild the most hidden landscape on Earth. Thirty giant basins radiate from a single point near the South Pole — the East Antarctic Fan-Shaped Basin Province — including the basin holding Lake Vostok, the largest subglacial lake on Earth.

The shape tells a story from before Gondwana broke apart, a slow rotational twist so wide it may have helped tear Antarctica and Australia apart. And this buried hand is still steering how fast Antarctica's ice can flow today.

What else is hiding under the ice we've never looked at?

Watch the full story → and follow Universe Impact for more. 🧊🌍

Sources: NASA SVS · NASA Operation IceBridge · Armadillo et al., Nature Geoscience 2026

#Antarctica #HiddenUnderIce #Subglacial #ScienceExplained #EarthScience #LakeVostok #NASA #Geology #Space #sciencefacts",90,"08/21/2026 04:25",https://www.facebook.com/reel/1956880948355678/,Reel,,Lifetime,5,+1.3x,0,0,7191,146,42,127,12,7,7038,7688,24.544,172348.464
122128213881355495,61590664855715,"Universe impact","Astronomers just found out the early universe was hiding a secret in plain sight. For years, JWST kept spotting galaxies that seemed impossibly massive for how young they were. Now we know why — they're packed with billions of faint, ordinary stars nobody could see until now. Some of these galaxies may be up to 4x heavier than we thought. And since small stars often host planets, this hints the early universe may have had far more planets than anyone assumed. 🌌 Source: Cheng et al., Nature Astronomy, Aug 2026.",0,"08/23/2026 03:20",https://www.facebook.com/permalink.php?story_fbid=pfbid0KjGWoEvX5w53W3bhMEqN7jeAqUsaAsud8G2yT3cWZfb65CKeyhbowwC3paUA9oCfl&id=61590664855715,Photo,,Lifetime,0,--,0,0,111,2,0,1,0,1,107,184,,
122128240341355495,61590664855715,"Universe impact","A star gets torn open by a black hole... and doesn't die. It comes back, months or years later, and gets torn open again. Astronomers have now found about 10 of these systems — and in some of them, the flash of light gets dimmer every single time. New research says the answer is written into the star itself: it was already spinning incredibly fast before it ever got captured, likely flung into this deadly orbit when a binary star pair got ripped apart by the black hole's gravity. One star was thrown into space forever. The other has been coming back for more ever since. 🕳️ Source: Bandopadhyay et al., Astrophysical Journal, 2026 (Syracuse University).",0,"08/23/2026 05:45",https://www.facebook.com/permalink.php?story_fbid=pfbid0DyXDWepA9VpAnTWruve7mtRg6MFmTSjinM4L4UaR8TWinCH26SJbCe45s9JtigHLl&id=61590664855715,Photo,,Lifetime,0,--,0,0,112,2,0,1,0,1,108,194,,
122128407531355495,61590664855715,"Universe impact","Is our entire universe just a projection? 🌌

Physicists studying black holes stumbled onto something that challenges everything we think we know about reality — the idea that the 3D universe we observe might actually be information encoded on a 2D surface, like a hologram.

It sounds like science fiction. It isn't.

🤔 If it turned out to be true, would that change how you see... everything?

Follow Universe Impact for more mind-bending science, daily. 🔭✨

#Universe #BlackHole #Physics #Space #Science #Cosmos #Astronomy #HolographicPrinciple #MindBlown #SpaceFacts",93,"08/24/2026 01:57",https://www.facebook.com/reel/1087151807384608/,Reel,,Lifetime,2,-2.3x,0,0,2592,48,16,44,3,0,2443,2679,18.54,46499.527
122128464261355495,61590664855715,"Universe impact","Two miles beneath the ice of Antarctica lies a world that hasn't seen sunlight in millions of years. 🧊👇

Using satellite data, radar, and airborne surveys, scientists have mapped vast mountain ranges, ancient river valleys, and subglacial terrain buried deep beneath the frozen continent. What lies underneath this ice doesn't just reveal Earth's distant past—it controls how the ice sheet moves today.

Follow Universe Impact for more discoveries hidden across our planet and the cosmos. 🌌

Hashtags:
#Antarctica #EarthScience #Geology #UniverseImpact #ScienceDiscoveries #HiddenWorlds #Reels #SpaceAndScience #NatureExplorationAdventure",56,"08/24/2026 06:09",https://www.facebook.com/reel/1057608067129629/,Reel,,Lifetime,2,-0.8x,0,0,10557,174,71,161,12,3,10137,11875,17.927,184487.078
122128533867355495,61590664855715,"Universe impact","Did you know Earth may contain an ocean-sized amount of water deep beneath its surface? 🌎💧

But here's the surprising part: it isn't a giant underground sea. Much of this water may be locked inside minerals deep within Earth's mantle.

A discovery involving ringwoodite and a tiny clue from a diamond has helped scientists understand Earth's hidden water cycle. And what lies deep beneath our feet may be far stranger than we imagined. 🤯

Earth still has secrets we haven't uncovered.

Follow Universe Impact for more mind-blowing discoveries about our planet, space, and the universe. 🌌

#Earth #Science #Space #Universe #ScienceFacts #EarthFacts #Geology #Ringwoodite #DidYouKnow #ScienceReels #UniverseImpact #AmazingFacts #Facts #Nature #Discovery",54,"08/24/2026 12:26",https://www.facebook.com/reel/1042730268736429/,Reel,,Lifetime,0,-0.6x,0,0,1017,8,2,8,0,0,979,1103,13.519,13532.698
122128627569355495,61590664855715,"Universe impact","Astronomers just found something that's never been seen before — three supermassive black holes, all actively feeding, inside a single galaxy. 🕳️🕳️🕳️

The galaxy, J0148-4214, is so far away that its light has been traveling for 12.5 billion years — we're seeing it as it looked just 1.2 billion years after the Big Bang. Two of the black holes sit only 620 light-years apart and are expected to merge within a few hundred million years. The third lurks 5,500 light-years out on the galaxy's edge.

Unlike the quiet black holes we see in nearby galaxies today, all three of these are actively devouring matter at once — a snapshot of a young, violent universe still building its biggest monsters.

Scientists say this is strong evidence that black hole mergers were a major engine of growth in the early cosmos — and a preview of the kind of collisions future gravitational wave observatories are built to catch.

Follow Universe Impact for more of the universe's best-kept secrets. 🌌

#SupermassiveBlackHole #JWST #Astronomy #Space #BlackHoles #UniverseImpact #Cosmology #SpaceFacts #EarlyUniverse #galaxy",0,"08/25/2026 00:28",https://www.facebook.com/permalink.php?story_fbid=pfbid02EizBqKwQ3kGF6VJLM3rVvG7hmJPe6JhZeHQvJ3KTSDfzwKsofX5PUSLCRfn4tF9Cl&id=61590664855715,Photo,,Lifetime,0,--,0,0,87,1,0,0,0,1,85,154,,
122128738149355495,61590664855715,"Universe impact","Scientists thought Mimas was just a dead ball of ice — until its orbit gave away a secret.

That ""Death Star"" moon orbiting Saturn has been hiding a global ocean under 20-30km of ice this whole time. No cracks, no plumes, nothing on the surface ever gave it away — the only clue was a wobble in its orbit that didn't add up.

A dead moon... with a heartbeat. 🌑🌊

Would you explore Mimas? 👇

Follow @UniverseImpact for more hidden worlds like this.

#Mimas #Saturn #DeathStarMoon #Space #Astronomy #HiddenOcean #solarsystem",29,"08/25/2026 08:09",https://www.facebook.com/reel/1384719183751265/,Reel,,Lifetime,0,-0.7x,0,0,878,18,4,17,0,2,858,977,12.54,10634.148
122128777725355495,61590664855715,"Universe impact","Mercury may look like a dead, scorched rock—but deep inside, models suggest it could be hiding a diamond-bearing layer roughly 10–18 kilometers thick. 💎

NASA’s MESSENGER mission found graphite on Mercury’s surface, offering clues that the young planet once had a carbon-rich magma ocean. As Mercury’s metal core cooled, excess carbon may have crystallized into diamond and collected near the core–mantle boundary.

Important: this is a scientific model, not a confirmed underground diamond mine. No spacecraft has directly imaged the layer.

Would you mine Mercury? Share your thoughts below and follow @UniverseImpact for more hidden worlds.

Source: Xu et al., Nature Communications (2024)
https://doi.org/10.1038/s41467-024-49305-x

#Mercury #Space #Astronomy #PlanetaryScience #UniverseImpact #Science #NASA #HiddenWorlds",40,"08/25/2026 12:50",https://www.facebook.com/reel/1391642663064618/,Reel,,Lifetime,0,-1.3x,0,0,1102,18,1,17,0,1,1064,1134,6.962,7450.206
122128803645355495,61590664855715,"Universe impact","Mars has been hiding a secret for 4 billion years — and a passing spacecraft just exposed it.

Deimos, the quieter of Mars' two moons, looks almost smooth. That calm surface is an illusion: an ancient asteroid strike buried its craters under a blanket of dust hundreds of meters deep — and Deimos itself may be a fragile rubble pile, not solid rock at all.

Is Deimos a broken piece of Mars, or a captured asteroid wearing a disguise? Tell me what you think below. 👇

#Deimos #Mars #Astronomy #Space #SolarSystem #HeraMission #MMX #Asteroid #NASA #ESA

Music: ""Space 1990-B"" by Kevin MacLeod (incompetech.com), CC BY 4.0.
Imagery: NASA/JPL/MRO · ESA (Hera mission) · Raducan et al., Nature Astronomy (CC BY 4.0) · JAXA (Hayabusa2) · NASA Eyes · JAXA MMX render.",89,"08/25/2026 14:33",https://www.facebook.com/reel/1618473729855103/,Reel,,Lifetime,0,-1.9x,0,0,1116,24,4,23,2,1,1088,1210,28.646,31453.914
122129166261355495,61590664855715,"Universe impact","Scientists just proved ""empty"" space isn't empty. 🌌⚡

In 1936, Heisenberg predicted that a strong enough magnetic field could bend
light passing through pure vacuum — because space itself is secretly full of
flickering virtual particles.

90 years later, NASA's IXPE telescope caught it happening for real, around a
magnetar with a magnetic field a trillion times stronger than Earth's.

If ""nothing"" is still something... what else have we been wrong about? 👇

#Space #Physics #QuantumPhysics #NASA #Magnetar #Heisenberg #Astronomy
#MindBlown #Science #universeimpact",99,"08/27/2026 06:04",https://www.facebook.com/reel/2891898011188045/,Reel,,Lifetime,0,-7.5x,0,0,606,18,5,14,3,1,569,623,12.686,7421.438
122129259459355495,61590664855715,"Universe impact","An asteroid bigger than the Eiffel Tower passes CLOSER than our satellites on April 13, 2029. Two billion people will see it with the naked eye. No telescope. No danger — but no one alive has ever seen anything like it.
📅 Save this date. Watch the sky move.
#apophis #space #nasa #astronomy",88,"08/27/2026 15:31",https://www.facebook.com/reel/2610284212757151/,Reel,,Lifetime,4,-0.3x,0,0,2575,56,8,46,6,5,2520,2836,20.533,51949.801
122129835741355495,61590664855715,"Universe impact","🌍 There are TWO mountains inside Earth — each 100× taller than Everest — and nobody knows what they are.

Buried nearly 3,000 kilometers beneath your feet, scientists have detected two colossal structures hidden deep inside our planet. We've never seen them. We found them because earthquakes slow down when they pass through.

One rises beneath Africa. The other lurks under the Pacific Ocean. Each stands roughly 1,000 kilometers tall — wide as a continent. Scientists call them low-shear-velocity provinces. Getting to them is harder than reaching space.

So what are they? 🌊 One idea: graveyards of ancient ocean floors, dragged down over billions of years. 🌑 A far stranger possibility: pieces of Theia — the lost planet that crashed into Earth and created our Moon. If that's true, the oldest material in the solar system has been hiding beneath your feet all along.

What do YOU think is buried down there? Drop your theory below 👇

🔔 Follow Universe Impact for more hidden worlds.

#Earth #Space #Science #Geology #Theia #Moon #UniverseImpact #EarthHiddenWorlds #Astronomy #sciencefacts",60,"08/30/2026 09:00",https://www.facebook.com/reel/1069264332362521/,Reel,,Lifetime,0,-6x,0,0,1167,5,1,4,0,1,1126,1228,8.943,10177.814
122130012495355495,61590664855715,"Universe impact","🚨 NASA DOESN'T KNOW WHAT THIS IS.

Curiosity just rolled into a valley on Mars… and the ground turned into MILLIONS of identical honeycombs.

Every single cell: about 5 centimeters wide. Perfect hexagons. Stretching in every direction — to the horizon. Even climbing the sides of a 20-foot sand-capped butte.

It looks like something carved a giant honeycomb into another planet.

And here's the mind-blowing part: NASA's own project scientist said this ""sea of polygons took our breath away."" They've measured it. They've tested the chemistry. And they STILL can't say which of two stories is true:

💧 Story #1 — This valley was once soaked in water. The mud dried and cracked into these shapes. If that's true… Mars was wet here, recently enough that the cracks are still sharp.

❄️ Story #2 — Something colder. Repeated freezing and thawing, cycle after cycle, cracking the ground apart. No water at all.

A sea of honeycombs. A mystery the size of a planet. And the answer is still out there.

👇 Which theory do YOU think it is — ancient water, or something stranger? Tell me in the comments.

🔔 Follow Universe Impact — we'll bring you the answer the moment NASA finds it.
📲 Share this with someone who needs their mind blown today.

📷 Imagery: NASA/JPL-Caltech/MSSS (public domain)
🌍 Earth mud-crack comparison (Death Valley): Wikimedia Commons, CC BY-SA 3.0 — photo by Brocken Inaglory

#Mars #Curiosity #NASA #HoneycombsOnMars #SpaceMystery #MarsRover #ValleGrande #Astronomy #Space #UniverseImpact #ScienceFacts #MindBlown",88,"08/31/2026 10:00",https://www.facebook.com/reel/1388383010090496/,Reel,,Lifetime,0,-1.9x,0,0,442,4,0,4,0,0,434,446,12.034,5210.78
122130052503355495,61590664855715,"Universe impact","What if the Big Bang was not the beginning of everything — but the inside of a black hole in a larger cosmos? 🌌

Black-hole cosmology is a real family of speculative ideas, but it is not established science. The exciting part is not pretending we have the answer; it is asking what evidence would make the idea testable.

What cosmic fingerprint would convince you: a pattern in the CMB, primordial gravitational waves, or something no one has imagined yet?

Follow Universe Impact for big cosmic questions — wonder first, evidence always.

#UniverseImpact #Space #Astronomy #BlackHole #BigBang #Cosmology #Science #JWST #CosmicMystery",81,"08/31/2026 13:19",https://www.facebook.com/reel/1992833061421384/,Reel,,Lifetime,0,--,0,0,0,0,0,0,0,0,0,0,0,0
122123908131355495,61590664855715,"Universe impact","BETA PICTORIS d — THE PLANET THAT WAS NEVER A DOT OF LIGHT

For eleven years, a giant planet sat inside pictures of one of the most photographed stars in the sky. Nobody saw it, because it was never a dot of light. On July 15, 2026, two independent teams confirmed it the same week — one dug it out of a decade of infrared archives, the other found it by reading its atmosphere's chemistry. Here is the story of Beta Pictoris d.

🪐 THE HIDDEN GIANT
0:00 – The hook: a giant planet sat in the photos for eleven years
0:10 – Beta Pictoris: 63 light-years away, 23 million years old, famous for its dusty debris disk
0:27 – Two teams, same week, same journal — no contact between them
0:48 – Team 1 dug it out of archives: there since 2014, ~100× fainter than b
0:63 – Team 2 found it with no photo at all — a carbon monoxide fingerprint
1:14 – Why it hid: the dusty glare overwhelmed imaging, but not chemistry
1:38 – A proof of concept: a new way to find worlds dust has been hiding
1:43 – What else is hiding in plain sight?

🔭 THE NUMBERS THAT MATTER
• Beta Pictoris: 63 light-years away, ~23 million years old
• Beta Pictoris d: at least twice Jupiter's mass, widest orbit of the three
• ~100× fainter than Beta Pictoris b — the faintest exoplanet ever directly imaged from Earth
• Siblings b and c: each ~8–10× Jupiter's mass
• Second known system (after HR 8799) confirmed with three directly imaged planets
• First exoplanet confirmed primarily through spectroscopy, not imaging

🌌 Two teams, two completely different methods, one confirmation — and neither knew the other was close. Beta Pictoris is now only the second system on Earth's list known to hold three directly detected planets.

📖 THE FULL STORY → https://pagecore.me/posts/beta-pictoris-d

If you want the full deep-dive on how a giant planet hid inside the photos for eleven years, follow the link and subscribe to Universe Impact.

#betaPictoris #exoplanet #jameswebb #space #astronomy #JWST #nasa #planet #science #universeImpact #shorts

IMAGE CREDITS
• Beta Pictoris System (Artist's Concept) — NASA, ESA, CSA, STScI, Ralf Crawford (STScI)
• Beta Pictoris (MIRI debris disk) — NASA/ESA/CSA/STScI
• Beta Pictoris (NIRSpec IFU image, annotated) — NASA, ESA, CSA, STScI; Science: A. Gibbs, J.-B. Ruffio (UC San Diego); Image Processing: A. Pagan (STScI)
• Beta Pictoris system (NIRSpec IFU image and spectrum) — NASA, ESA, CSA, STScI, L. Hustak (STScI); Science: A. Gibbs, J.-B. Ruffio, A. Bidot (STScI)
All NASA / ESA / CSA / STScI imagery is public domain / NASA media usage terms.

MUSIC: Kevin MacLeod — ""Space 1990B"" (CC BY 4.0)",95,"08/04/2026 15:41",https://www.facebook.com/reel/1323610452918651/,Reel,,Lifetime,2,-0.9x,0,0,4199,167,37,153,13,3,4085,4727,36.323,149616.333
